{"health":100.0,"maxHealth":100.0,"playerPos":{"x":1.5,"y":0.7124614715576172,"z":1.6317578554153443}}