{"health":70.0,"maxHealth":100.0,"playerPos":{"x":1.7240835428237916,"y":0.7124614715576172,"z":4.767673969268799}}