{"health":70.0,"maxHealth":100.0,"playerPos":{"x":2.889117479324341,"y":0.7124614715576172,"z":4.22087287902832}}