{"health":70.0,"maxHealth":100.0,"playerPos":{"x":6.7259087562561039,"y":0.7124614715576172,"z":6.085399627685547}}